track_1,track_2,min_dist,max_dist,cov_1,cov_2,cov_total
4,42,0.006,10.198,0.95,1.0,1.95
24,39,0.003,88.073,0.98,0.97,1.95
23,32,0.026,5.285,0.92,1.0,1.92
38,39,0.003,87.588,0.91,0.98,1.8900000000000001
24,38,0.002,87.861,0.99,0.89,1.88
19,38,0.001,87.415,0.95,0.87,1.8199999999999998
17,42,0.001,9.628,0.8,1.0,1.8
15,29,0.008,19.593,1.0,0.79,1.79
8,38,0.001,87.757,0.98,0.8,1.78
19,24,0.007,87.839,0.88,0.89,1.77
